strategy,total_pairs,not_interested_count,neutral_count,interested_count,not_interested_pct,neutral_pct,interested_pct
Greeting / Rapport,1043,204,810,29,19.55896452540748,77.66059443911793,2.7804410354745923
Acknowledgement,871,56,633,182,6.42939150401837,72.67508610792193,20.8955223880597
Charity Awareness Probe,739,63,573,103,8.525033829499323,77.53721244925575,13.937753721244924
Rational Appeal,734,33,502,199,4.4959128065395095,68.39237057220708,27.111716621253407
Framing,622,55,287,280,8.842443729903538,46.141479099678456,45.01607717041801
Non-persuasive Other,547,46,428,73,8.409506398537477,78.24497257769653,13.345521023765997
Credibility Appeal,544,41,371,132,7.536764705882352,68.19852941176471,24.264705882352942
Call to Action,510,50,179,281,9.803921568627452,35.09803921568627,55.09803921568628
Appeal to Values,476,42,310,124,8.823529411764707,65.12605042016807,26.05042016806723
Moral Appeal,438,53,256,129,12.100456621004566,58.44748858447488,29.45205479452055
Donation Baseline / Habit Probe,297,36,126,135,12.121212121212121,42.42424242424242,45.45454545454545
Logistics / Coordination,296,7,188,101,2.364864864864865,63.51351351351351,34.12162162162162
Empathy Appeal,234,23,158,53,9.82905982905983,67.52136752136752,22.64957264957265
Conversation Closing,228,26,179,23,11.403508771929824,78.50877192982456,10.087719298245613
Commitment and Consistency,198,12,64,122,6.0606060606060606,32.323232323232325,61.61616161616161
Social Proof,153,11,85,57,7.18954248366013,55.55555555555556,37.254901960784316
Storytelling,146,12,98,36,8.21917808219178,67.12328767123287,24.65753424657534
Qualification / Segmentation,124,19,93,12,15.32258064516129,75.0,9.67741935483871
Self-feeling Appeal,109,16,62,31,14.678899082568808,56.88073394495413,28.440366972477065
Guilt Induction,106,26,52,28,24.528301886792452,49.056603773584904,26.41509433962264
Reciprocity,78,6,28,44,7.6923076923076925,35.8974358974359,56.41025641025641
Activation of Personal Commitment,76,6,32,38,7.894736842105263,42.10526315789473,50.0
Permission / Time Check,66,3,54,9,4.545454545454546,81.81818181818183,13.636363636363635
Fear Appeal,63,13,37,13,20.634920634920633,58.730158730158735,20.634920634920633
Emotional Appeal,61,4,41,16,6.557377049180328,67.21311475409836,26.229508196721312
Rewarding Activity,57,4,26,27,7.017543859649122,45.614035087719294,47.368421052631575
Pre-giving,49,6,16,27,12.244897959183673,32.6530612244898,55.10204081632652
Unity,41,5,20,16,12.195121951219512,48.78048780487805,39.02439024390244
Foot-in-the-door,39,2,13,24,5.128205128205128,33.33333333333333,61.53846153846154
Logical Appeal,37,6,22,9,16.216216216216218,59.45945945945946,24.324324324324326
Sympathy Appeal,35,7,24,4,20.0,68.57142857142857,11.428571428571429
Loss Aversion Appeal,16,6,5,5,37.5,31.25,31.25
Door-in-the-face,14,5,1,8,35.714285714285715,7.142857142857142,57.14285714285714
Urgency,12,1,4,7,8.333333333333332,33.33333333333333,58.333333333333336
Expertise,6,0,4,2,0.0,66.66666666666666,33.33333333333333
Liking,6,1,2,3,16.666666666666664,33.33333333333333,50.0
Threat,5,2,3,0,40.0,60.0,0.0
Debt,4,1,1,2,25.0,25.0,50.0
Authority,4,1,3,0,25.0,75.0,0.0
Emotional Manipulation,3,1,1,1,33.33333333333333,33.33333333333333,33.33333333333333
Aversive Stimulation,2,0,2,0,0.0,100.0,0.0
Social Positioning,2,0,2,0,0.0,100.0,0.0
Scarcity,1,0,0,1,0.0,0.0,100.0
Pretexting,1,0,0,1,0.0,0.0,100.0
