strategy,total_pairs,no_donation_count,donated_count,no_donation_pct,donated_pct,avg_donation_amount
Greeting / Rapport,1055,305,750,28.90995260663507,71.09004739336493,8.2682
Acknowledgement,1017,254,763,24.97541789577188,75.02458210422812,7.841114023591088
Rational Appeal,879,264,615,30.034129692832767,69.96587030716724,2.4475772357723575
Charity Awareness Probe,791,223,568,28.192161820480404,71.8078381795196,5.233820422535211
Framing,730,242,488,33.15068493150685,66.84931506849315,1.59625
Credibility Appeal,674,229,445,33.976261127596445,66.02373887240356,3.4982471910112354
Non-persuasive Other,599,181,418,30.217028380634392,69.78297161936561,11.606674641148325
Call to Action,573,195,378,34.031413612565444,65.96858638743456,5.1869312169312165
Appeal to Values,536,149,387,27.798507462686565,72.20149253731343,3.967312661498708
Moral Appeal,520,176,344,33.84615384615385,66.15384615384615,7.656279069767442
Logistics / Coordination,346,110,236,31.79190751445087,68.20809248554913,1.8591949152542373
Donation Baseline / Habit Probe,324,81,243,25.0,75.0,7.913497942386831
Conversation Closing,297,71,226,23.905723905723907,76.0942760942761,2.9168584070796464
Empathy Appeal,264,76,188,28.78787878787879,71.21212121212122,4.94404255319149
Commitment and Consistency,226,58,168,25.663716814159294,74.33628318584071,12.663750000000002
Social Proof,182,54,128,29.67032967032967,70.32967032967034,7.535703125
Storytelling,177,47,130,26.55367231638418,73.44632768361582,1.8084615384615383
Qualification / Segmentation,136,52,84,38.23529411764706,61.76470588235294,7.37845238095238
Guilt Induction,128,65,63,50.78125,49.21875,1.3965079365079367
Self-feeling Appeal,125,42,83,33.6,66.4,2.056746987951807
Reciprocity,88,17,71,19.318181818181817,80.68181818181817,2.804084507042253
Activation of Personal Commitment,86,18,68,20.930232558139537,79.06976744186046,4.182794117647059
Emotional Appeal,73,25,48,34.24657534246575,65.75342465753424,1.0754166666666667
Fear Appeal,72,29,43,40.27777777777778,59.72222222222222,1.2497674418604652
Permission / Time Check,69,24,45,34.78260869565217,65.21739130434783,1.852222222222222
Rewarding Activity,65,31,34,47.69230769230769,52.307692307692314,2.315294117647059
Pre-giving,55,13,42,23.636363636363637,76.36363636363637,1.9935714285714288
Unity,50,10,40,20.0,80.0,3.0895
Foot-in-the-door,45,13,32,28.888888888888886,71.11111111111111,0.63625
Logical Appeal,41,16,25,39.02439024390244,60.97560975609756,2.636
Sympathy Appeal,39,15,24,38.46153846153847,61.53846153846154,29.666666666666668
Loss Aversion Appeal,17,6,11,35.294117647058826,64.70588235294117,0.45363636363636356
Door-in-the-face,16,10,6,62.5,37.5,0.5783333333333333
Urgency,15,5,10,33.33333333333333,66.66666666666666,0.25
Authority,7,1,6,14.285714285714285,85.71428571428571,0.5416666666666666
Liking,7,2,5,28.57142857142857,71.42857142857143,20.490000000000002
Expertise,7,1,6,14.285714285714285,85.71428571428571,0.7999999999999999
Threat,5,2,3,40.0,60.0,0.12
Debt,4,2,2,50.0,50.0,1.5
Emotional Manipulation,3,1,2,33.33333333333333,66.66666666666666,0.625
Social Positioning,3,0,3,0.0,100.0,0.8366666666666666
Scarcity,2,1,1,50.0,50.0,0.1
Aversive Stimulation,2,2,0,100.0,0.0,0.0
Bait-and-switch,1,1,0,100.0,0.0,0.0
Pretexting,1,1,0,100.0,0.0,0.0
