strategy,total_pairs,negative_count,neutral_count,positive_count,negative_pct,neutral_pct,positive_pct
Greeting / Rapport,1043,27,721,295,2.588686481303931,69.12751677852349,28.28379674017258
Acknowledgement,871,49,328,494,5.625717566016074,37.65786452353617,56.71641791044776
Charity Awareness Probe,739,29,502,208,3.924221921515562,67.9296346414073,28.146143437077132
Rational Appeal,734,62,292,380,8.446866485013624,39.782016348773844,51.771117166212534
Framing,622,66,280,276,10.610932475884244,45.01607717041801,44.37299035369775
Non-persuasive Other,547,34,297,216,6.2157221206581355,54.296160877513714,39.48811700182816
Credibility Appeal,544,57,237,250,10.477941176470589,43.56617647058824,45.955882352941174
Call to Action,510,39,230,241,7.647058823529412,45.09803921568628,47.25490196078431
Appeal to Values,476,33,183,260,6.932773109243698,38.445378151260506,54.621848739495796
Moral Appeal,438,70,180,188,15.981735159817351,41.0958904109589,42.922374429223744
Donation Baseline / Habit Probe,297,21,179,97,7.07070707070707,60.26936026936027,32.659932659932664
Logistics / Coordination,296,17,127,152,5.743243243243244,42.9054054054054,51.35135135135135
Empathy Appeal,234,66,86,82,28.205128205128204,36.75213675213676,35.04273504273504
Conversation Closing,228,7,59,162,3.070175438596491,25.877192982456144,71.05263157894737
Commitment and Consistency,198,13,66,119,6.565656565656567,33.33333333333333,60.1010101010101
Social Proof,153,14,58,81,9.15032679738562,37.908496732026144,52.94117647058824
Storytelling,146,37,43,66,25.34246575342466,29.45205479452055,45.20547945205479
Qualification / Segmentation,124,4,91,29,3.225806451612903,73.38709677419355,23.387096774193548
Self-feeling Appeal,109,10,33,66,9.174311926605505,30.275229357798167,60.550458715596335
Guilt Induction,106,34,48,24,32.075471698113205,45.28301886792453,22.641509433962266
Reciprocity,78,8,20,50,10.256410256410255,25.64102564102564,64.1025641025641
Activation of Personal Commitment,76,4,30,42,5.263157894736842,39.473684210526315,55.26315789473685
Permission / Time Check,66,0,24,42,0.0,36.36363636363637,63.63636363636363
Fear Appeal,63,23,26,14,36.507936507936506,41.269841269841265,22.22222222222222
Emotional Appeal,61,5,24,32,8.19672131147541,39.34426229508197,52.459016393442624
Rewarding Activity,57,2,24,31,3.508771929824561,42.10526315789473,54.385964912280706
Pre-giving,49,4,18,27,8.16326530612245,36.734693877551024,55.10204081632652
Unity,41,5,7,29,12.195121951219512,17.073170731707318,70.73170731707317
Foot-in-the-door,39,6,17,16,15.384615384615385,43.58974358974359,41.02564102564102
Logical Appeal,37,7,11,19,18.91891891891892,29.72972972972973,51.35135135135135
Sympathy Appeal,35,11,16,8,31.428571428571427,45.714285714285715,22.857142857142858
Loss Aversion Appeal,16,3,7,6,18.75,43.75,37.5
Door-in-the-face,14,4,5,5,28.57142857142857,35.714285714285715,35.714285714285715
Urgency,12,1,3,8,8.333333333333332,25.0,66.66666666666666
Expertise,6,1,1,4,16.666666666666664,16.666666666666664,66.66666666666666
Liking,6,1,1,4,16.666666666666664,16.666666666666664,66.66666666666666
Threat,5,0,5,0,0.0,100.0,0.0
Debt,4,0,2,2,0.0,50.0,50.0
Authority,4,1,1,2,25.0,25.0,50.0
Emotional Manipulation,3,1,1,1,33.33333333333333,33.33333333333333,33.33333333333333
Aversive Stimulation,2,2,0,0,100.0,0.0,0.0
Social Positioning,2,0,1,1,0.0,50.0,50.0
Scarcity,1,0,0,1,0.0,0.0,100.0
Pretexting,1,0,0,1,0.0,0.0,100.0
