category,count,percentage,unique_strategies,dialogs_with_category
Conversation Management,4634,44.76429675425039,9,1000
Norms / Morality / Values,1309,12.644899536321482,4,721
Rational / Impact Appeal,920,8.887171561051005,2,545
Framing & Presentation,749,7.235316846986089,4,527
Authority / Expertise,688,6.646058732612056,3,447
Emotional Influence,628,6.06646058732612,6,446
Call to Action,580,5.602782071097372,2,468
Commitment / Consistency,373,3.6031684698608966,4,295
Social Influence,235,2.270092735703246,3,205
Exchange / Incentives,212,2.0479134466769704,4,164
Urgency / Scarcity,17,0.16421947449768162,2,17
Threat / Pressure,7,0.06761978361669242,2,7
